<?xml version="1.0" encoding="UTF-8"?>
<odoo>
    <!-- <record id="automation_onchange_validation_department_payment_allocation" model="base.automation">
        <field name="name">[Payment] Onchange Validation Department Wise Payment Allocation</field>
        <field name="model_id" ref="account.model_account_payment"/>
        <field name="trigger">on_change</field>
        <field name="on_change_fields">x_department_payment_allocation_ids</field>
        <field name="state">code</field>
        <field name="code">
if record.x_department_payment_allocation_ids and record.company_id.id == 1:
    allocation_amount = sum(record.x_department_payment_allocation_ids.mapped('x_amount'))
    if allocation_amount != record.amount:
        raise Warning("Allocation of Payment amount {} are not same of payment amount {}".format(allocation_amount, record.amount))
        </field>
    </record> -->

    <record id="automation_validate_payment_allocation" model="base.automation">
        <field name="name">[Payment] Validation Department Wise Payment Allocation</field>
        <field name="model_id" ref="account.model_account_payment"/>
        <field name="trigger">on_create_or_write</field>
        <field name="state">code</field>
        <field name="code">
if record.partner_type == 'supplier' and record.x_department_payment_allocation_ids and record.company_id.id == 1:
    allocation_amount = sum(record.x_department_payment_allocation_ids.mapped('x_amount'))
    if allocation_amount > record.amount:
        raise Warning("Allocation of Payment amount {} are more than of payment amount {}".format(allocation_amount, record.amount))
        </field>
    </record>
</odoo>