<?xml version="1.0" encoding="UTF-8"?>
<odoo>
    <record id="field_model_account_payment__x_department_payment_allocation_ids" model="ir.model.fields">
        <field name="name">x_department_payment_allocation_ids</field>
        <field name="field_description">Department Wise Payment Allocations</field>
        <field name="model_id" ref="account.model_account_payment"/>
        <field name="ttype">one2many</field>
        <field name="relation">x_department_wise_allocation</field>
        <field name="relation_field">x_payment_id</field>
        <field name="store" eval="True"/>
        <field name="readonly" eval="False"/>
        <field name="required" eval="False"/>
        <field name="copied" eval="False"/>
        <field name="index" eval="True"/>
    </record>

    <record id="field_model_x_department_wise_allocation__x_display_payment_dept_allocation_widget" model="ir.model.fields">
        <field name="name">x_display_payment_dept_allocation_widget</field>
        <field name="field_description">Display Widget</field>
        <field name="model_id" ref="account.model_account_payment"/>
        <field name="ttype">boolean</field>
        <field name="store" eval="True"/>
        <field name="readonly" eval="False"/>
        <field name="required" eval="False"/>
        <field name="copied" eval="False"/>
    </record>

    <record id="field_model_account_payment__x_payment_approval_selection" model="ir.model.fields">
        <field name="name">x_payment_approval_status</field>
        <field name="field_description">Payment Approval Status</field>
        <field name="model_id" ref="account.model_account_payment"/>
        <field name="ttype">selection</field>
        <field name="selection">[('waiting_for_first_approval', 'Waiting for Third Approval'), ('waiting_for_second_approval', 'Waiting for Final Approval'), ('approved', 'Approved')]</field>
        <field name="store" eval="True"/>
        <field name="readonly" eval="False"/>
        <field name="copied" eval="False"/>
        <field name="required" eval="False"/>
    </record>

    <record id="field_model_account_payment__x_payment_first_approval_id" model="ir.model.fields">
        <field name="name">x_payment_first_approval_id</field>
        <field name="field_description">First Approval</field>
        <field name="model_id" ref="account.model_account_payment"/>
        <field name="ttype">many2one</field>
        <field name="relation">hr.employee</field>
        <field name="store" eval="True"/>
        <field name="readonly" eval="False"/>
        <field name="copied" eval="False"/>
        <field name="required" eval="False"/>
    </record>

    <record id="field_model_account_payment__x_payment_second_approval_id" model="ir.model.fields">
        <field name="name">x_payment_second_approval_id</field>
        <field name="field_description">Second Approval</field>
        <field name="model_id" ref="account.model_account_payment"/>
        <field name="ttype">many2one</field>
        <field name="relation">hr.employee</field>
        <field name="store" eval="True"/>
        <field name="readonly" eval="False"/>
        <field name="copied" eval="False"/>
        <field name="required" eval="False"/>
    </record>

    <record id="field_model_account_payment__x_payment_third_approval_id" model="ir.model.fields">
        <field name="name">x_payment_third_approval_id</field>
        <field name="field_description">Third Approval</field>
        <field name="model_id" ref="account.model_account_payment"/>
        <field name="ttype">many2one</field>
        <field name="relation">res.users</field>
        <field name="store" eval="True"/>
        <field name="readonly" eval="False"/>
        <field name="copied" eval="False"/>
        <field name="required" eval="False"/>
    </record>

    <record id="field_model_account_payment__x_payment_final_approval_id" model="ir.model.fields">
        <field name="name">x_payment_final_approval_id</field>
        <field name="field_description">Final Approval</field>
        <field name="model_id" ref="account.model_account_payment"/>
        <field name="ttype">many2one</field>
        <field name="relation">res.users</field>
        <field name="store" eval="True"/>
        <field name="readonly" eval="False"/>
        <field name="copied" eval="False"/>
        <field name="required" eval="False"/>
    </record>

    <!-- Set Default Value -->
    <record id="default_x_display_payment_dept_allocation_widget" model="ir.default">
        <field name="field_id" ref="field_model_x_department_wise_allocation__x_display_payment_dept_allocation_widget"/>
        <field name="json_value">"true"</field>
    </record>

    <!-- Fields ON Account Type -->
    <record id="field_model_account_account_type__x_is_expense" model="ir.model.fields">
        <field name="name">x_is_expense</field>
        <field name="field_description">Is Expense ?</field>
        <field name="model_id" ref="account.model_account_account"/>
        <field name="ttype">boolean</field>
        <field name="store" eval="True"/>
        <field name="readonly" eval="False"/>
        <field name="required" eval="False"/>
        <field name="copied" eval="False"/>
    </record>

    <!-- Fields on Department Wise Allocation Model -->
    <record id="field_model_account_payment_department_wise_allocation__x_is_expense" model="ir.model.fields">
        <field name="name">x_is_expense</field>
        <field name="field_description">Is Expense ?</field>
        <field name="model_id" ref="model_account_payment_department_wise_allocation"/>
        <field name="ttype">boolean</field>
        <field name="related">x_account_id.x_is_expense</field>
        <field name="store" eval="True"/>
        <field name="readonly" eval="False"/>
        <field name="required" eval="False"/>
        <field name="copied" eval="False"/>
    </record>

</odoo>