<?xml version="1.0" encoding="UTF-8"?>
<odoo>
	<record id="field_model_res_company__x_payment_first_approval" model="ir.model.fields">
		<field name="name">x_payment_first_approval_id</field>
		<field name="field_description">First Approval</field>
		<field name="model_id" ref="base.model_res_company"/>
		<field name="ttype">many2one</field>
		<field name="relation">res.users</field>
		<field name="store" eval="True"/>
		<field name="readonly" eval="False"/>
		<field name="copied" eval="False"/>
		<field name="required" eval="False"/>
	</record>

	<record id="field_model_res_company__x_payment_second_approval" model="ir.model.fields">
		<field name="name">x_payment_second_approval_id</field>
		<field name="field_description">Second Approval</field>
		<field name="model_id" ref="base.model_res_company"/>
		<field name="ttype">many2one</field>
		<field name="relation">res.users</field>
		<field name="store" eval="True"/>
		<field name="readonly" eval="False"/>
		<field name="copied" eval="False"/>
		<field name="required" eval="False"/>
	</record>
</odoo>