<?xml version="1.0" encoding="UTF-8"?>
<odoo>
    <record id="action_send_first_approval_payment" model="ir.actions.server">
        <field name="name">[Payment] Send For Third Approval</field>
        <field name="model_id" ref="account.model_account_payment"/>
        <field name="binding_model_id" ref="account.model_account_payment"/>
        <field name="state">code</field>
        <field name="code"><![CDATA[
for rec in records.filtered(lambda l: l.partner_type == 'supplier' and not l.x_payment_approval_status):
    # For C.E. INFO SYSTEMS LIMITED
    if record.company_id.id != 1:
        continue

    rec['x_payment_approval_status'] = 'waiting_for_first_approval';
]]>
        </field>
    </record>

    <record id="action_first_approval_payment" model="ir.actions.server">
        <field name="name">[Payment] Approved and Send For Final Approval</field>
        <field name="model_id" ref="account.model_account_payment"/>
        <field name="binding_model_id" ref="account.model_account_payment"/>
        <field name="state">code</field>
        <field name="groups_id" eval="[(4, ref('mapmyindia_payment_dept_wise_allocation.group_payment_send_for_second_approval'))]"/>
        <field name="code"><![CDATA[
for rec in records.filtered(lambda l: l.partner_type == 'supplier' and l.x_payment_approval_status == 'waiting_for_first_approval'):
    # For C.E. INFO SYSTEMS LIMITED
    if record.company_id.id != 1:
        continue

    rec['x_payment_approval_status'] = 'waiting_for_second_approval';
    rec['x_payment_third_approval_id'] = env.user.id
]]>
        </field>
    </record>

    <record id="action_second_approval_payment" model="ir.actions.server">
        <field name="name">[Payment] Approved</field>
        <field name="model_id" ref="account.model_account_payment"/>
        <field name="binding_model_id" ref="account.model_account_payment"/>
        <field name="state">code</field>
        <field name="groups_id" eval="(4, ref('mapmyindia_payment_dept_wise_allocation.group_payment_approval'))"/>
        <field name="code"><![CDATA[
for rec in records.filtered(lambda l: l.partner_type == 'supplier' and l.x_payment_approval_status == 'waiting_for_second_approval'):
    # For C.E. INFO SYSTEMS LIMITED
    if record.company_id.id != 1:
        continue

    rec['x_payment_approval_status'] = 'approved';
    rec['x_payment_final_approval_id'] = env.user.id
    # Auto Validate Payment Confirm with Action
    # [Payment] Create Journal Entry for Payment with TDS[Button Confirm] - jsi
    # env.ref('__export__.ir_act_server_664_d505e660').run()
]]>
        </field>
    </record>

    <record id="action_department_allocation" model="ir.actions.server">
        <field name="name">[Payment] Open Department wise Allocation</field>
        <field name="model_id" ref="account.model_account_payment"/>
        <field name="state">code</field>
        <field name="code"><![CDATA[
if record.x_department_payment_allocation_ids:
    action = {
        'name': 'Department Wise Allocation',
        'type': 'ir.actions.act_window',
        'target': 'new',
        'res_model': 'account.payment',
        'context': {},
        'res_id': record.id,
        'views': [(env.ref('mapmyindia_payment_dept_wise_allocation.view_account_payment_deparment_jar').id, 'form')],
    }
]]>
        </field>
    </record>
</odoo>