<?xml version="1.0" encoding="UTF-8"?>
<odoo>
    <record id="model_account_payment_department_wise_allocation" model="ir.model">
        <field name="model">x_department_wise_allocation</field>
        <field name="name">Department Wise Payment Allocation</field>
        <field name="is_mail_thread" eval="True"/>
    </record>

    <!-- Fields of x_department_wise_allocation model -->
    <record id="field_model_x_department_wise_allocation__x_payment_id" model="ir.model.fields">
        <field name="name">x_payment_id</field>
        <field name="field_description">Payment</field>
        <field name="model_id" ref="model_account_payment_department_wise_allocation"/>
        <field name="ttype">many2one</field>
        <field name="relation">account.payment</field>
        <field name="store" eval="True"/>
        <field name="readonly" eval="False"/>
        <field name="required" eval="False"/>
        <field name="copied" eval="False"/>
    </record>

    <record id="field_model_x_department_wise_allocation__x_account_id" model="ir.model.fields">
        <field name="name">x_account_id</field>
        <field name="field_description">Account</field>
        <field name="model_id" ref="model_account_payment_department_wise_allocation"/>
        <field name="ttype">many2one</field>
        <field name="relation">account.account</field>
        <field name="store" eval="True"/>
        <field name="readonly" eval="False"/>
        <field name="required" eval="False"/>
        <field name="copied" eval="False"/>
    </record>

    <record id="field_model_x_department_wise_allocation__x_department_id" model="ir.model.fields">
        <field name="name">x_department_id</field>
        <field name="field_description">Department</field>
        <field name="model_id" ref="model_account_payment_department_wise_allocation"/>
        <field name="ttype">many2one</field>
        <field name="relation">hr.department</field>
        <field name="store" eval="True"/>
        <field name="readonly" eval="False"/>
        <field name="required" eval="False"/>
        <field name="copied" eval="False"/>
    </record>

    <record id="field_model_x_department_wise_allocation__x_amount" model="ir.model.fields">
        <field name="name">x_amount</field>
        <field name="field_description">Amount</field>
        <field name="model_id" ref="model_account_payment_department_wise_allocation"/>
        <field name="ttype">float</field>
        <field name="store" eval="True"/>
        <field name="readonly" eval="False"/>
        <field name="required" eval="False"/>
        <field name="copied" eval="False"/>
    </record>
</odoo>