<?xml version='1.0' encoding='utf-8'?>
<template xml:space="preserve">

    <div t-name="gvp.education_form" class="form-group">
        <form>
            <input type="hidden" class="form-control" id="id" t-att-value="eduDetails.id"/>
            <div class="form-group">
                <label for="myEducation" class="col-form-label">Degree:</label>
                <input type="text" class="form-control" id="name" t-att-value="eduDetails.name" placeholder="EX: Mca" required="True"/>
            </div>
            <div class="form-group">
                <label for="college" class="col-form-label">School</label>
                <input type="text" class="form-control" placeholder="EX: AP" id="school" t-att-value="eduDetails.school" required="True"/>
            </div>
                <div class="form-group">
                <label for="Percentage" class="col-form-label">Percentage</label>
                <input type="text" class="form-control" placeholder="EX: 99" id="percentage" required="True" t-att-value="eduDetails.percentage" name="percentage"/>
            </div>
            <div class="form-group">
                <label for="college" class="col-form-label">Field of Study</label>
                <input type="text" class="form-control" placeholder="EX: Engineering" id="field_of_study" t-att-value="eduDetails.field_of_study" required="True"/>
            </div>
            <div class="form-row">
                <div class="form-group col-md-6">
                <label for="start_month" class="col-form-label">From Month</label>
                    <div class="input-group month mt4" id="start_month_container">
                        <select id="start_month" class="form-control" required="True">
                            <option value="">Month</option>

                            <option t-foreach="GetMonth" t-as="month" t-att-value="month.id">
                                <t t-esc="month.name"/>
                            </option>
                        </select>
                    </div>
                </div>
                <div class="form-group col-md-6">
                    <label for="start_year" class="col-form-label">From Year</label>
                    <div class="input-group year mt4" id="start_year_container">
                        <select id="start_year" class="form-control" required="True">
                            <option value="">Year</option>
                            <option t-foreach="GetYear" t-as="year" t-att-value="eduDetails.start_year" t-att-selected="eduDetails.start_year">
                                <t t-esc="year.name"/>
                            </option>

                            </select>
                    </div>
                </div>
            </div>
            <div class="form-row">
                <div class="form-group col-md-6">
                <label for="end_month" class="col-form-label">To Month</label>
                    <div class="input-group month mt4" id="end_month_container">
                        <select id="end_month" class="form-control" required="True">
                            <option value="">Month</option>

                            <option t-foreach="GetMonth" t-as="month" t-att-value="month.id">
                            <t t-esc="month.name"/>
                            </option>
                        </select>
                    </div>
                </div>
                <div class="form-group col-md-6 o_end_date">
                    <label for="end_date" class="col-form-label">To Year (or expected)</label>
                    <div class="input-group year mt4" id="end_year_container">
                        <select id="end_year" class="form-control">
                            <option value="">Year</option>
                            <option t-foreach="GetYear" t-as="year" t-att-value="eduDetails.end_year" t-att-selected="eduDetails.end_year">
                                <t t-esc="year.name"/>
                            </option>

                        </select>
                    </div>
                </div>
            </div>
            <div class="form-group">
                <label for="college" class="col-form-label">Description</label>
                <input type="text" class="form-control" id="description" t-att-value="eduDetails.description" required="True"/>
            </div>
        </form>
    </div>

    <div t-name="gvp.experience_form" class="form-group">
        <form>
            <input type="hidden" class="form-control" id="id" t-att-value="expDetail.id" required="True"/>
            <div class="form-group">
                <label for="title" class="col-form-label">Experience Title:</label>
                <input type="text" class="form-control" id="title" t-att-value="expDetail.title" required="True"/>
            </div>
            <div class="form-group">
                <label for="employee_type" class="col-form-label">Employee Type</label>
                <input type="text" class="form-control" id="employee_type" t-att-value="expDetail.employee_type" required="True"/>
            </div>
                <div class="form-group">
                <label for="compny_name" class="col-form-label">Company Name</label>
                <input type="text" class="form-control" id="compny_name" t-att-value="expDetail.compny_name" required="True" name="percentage"/>
            </div>
            <div class="form-group">
                <label for="location" class="col-form-label">Location</label>
                <input type="text" class="form-control" id="location" t-att-value="expDetail.location" required="True"/>
            </div>
             <div class="form-group mb0">
                <label for="is_present">Current Comapny</label>
                <input type="checkbox" class="ml4" id="is_present" t-att-checked="is_present ? 'checked' : undefined"/>
            </div>

            <div class="form-row" t-attf-class="form-row o_end_date #{is_present ? 'o_hidden' : ''}">
                <div class="form-group col-md-6">
                <label for="start_month_ex" class="col-form-label">From Month</label>
                    <div class="input-group month mt4" id="start_month_ex_container">
                        <select id="start_month_ex" class="form-control" required="True">
                            <option value="">Month</option>
                            <option t-foreach="GetMonth" t-as="month" t-att-value="month.id">
                                <t t-esc="month.name"/>
                            </option>
                        </select>
                    </div>
                </div>
                <div class="form-group col-md-6">
                    <label for="startYearEx" class="col-form-label">From Year</label>
                    <div class="input-group year mt4" id="start_year_ex_container">
                        <select id="startYearEx" class="form-control" required="True">
                            <option value="">Year</option>
                            <option t-foreach="GetYear" t-as="year" t-att-value="year.id">
                                <t t-esc="year.name"/>
                            </option>
                            <option t-foreach="GetYear" t-as="year" t-att-value="year.id">
                                <t t-esc="year.name"/>
                            </option>
                            </select>
                    </div>
                </div>
            </div>
            <div class="form-row" id="to_month" t-attf-class="form-row o_end_date #{is_present ? 'o_hidden' : ''}">
                <div class="form-group col-md-6">
                <label for="end_month_ex" class="col-form-label">To Month</label>
                    <div class="input-group month mt4" id="end_month_ex_container">
                        <select id="end_month_ex" class="form-control" required="True">
                            <option value="">Month</option>
                            <option t-foreach="GetMonth" t-as="month" t-att-value="month.id">
                                    <t t-esc="month.name"/>
                            </option>
                        </select>
                    </div>
                </div>
                <div class="form-group col-md-6 o_end_date">
                    <label for="end_year_ex" class="col-form-label">To Year (or expected)</label>
                    <div class="input-group year mt4" id="end_year_container">
                        <select id="end_year_ex" class="form-control">
                            <option value="">Year</option>
                            <option t-foreach="GetYear" t-as="year" t-att-value="year.id">
                                <t t-esc="year.name"/>
                            </option>
                            <option t-foreach="GetYear" t-as="year" t-att-value="year.id">
                                <t t-esc="year.name"/>
                            </option>
                        </select>
                    </div>
                </div>
            </div>
            <div class="form-group">
                <label for="descriptionex" class="col-form-label">Description</label>
                <input type="text" class="form-control" id="descriptionex" t-att-value="expDetail.description" required="True"/>
            </div>
        </form>
    </div>

    <div t-name="gvp.add_skill">
        <form class="clearfix">
            <div class="form-group ">
                <div class="controls">
                    <input id="skills_ids" type="hidden" t-attf-data-init-value="#{test}"/>
                </div>
            </div>
        </form>
    </div>

    <div t-name="gvp.profile_form" class="form-group">
        <main class="modal-body">
            <form>
                <input type="hidden" class="form-control" id="id" t-att-value="id" required="True"/>
                <div class="form-group">
                    <label for="name" class="col-form-label">Name :</label>
                    <input type="text" class="form-control" id="name" t-att-value="name" required="True"/>
                </div>
                <div class="form-group">
                    <label for="current_position" class="col-form-label">Current Position</label>
                    <input type="text" class="form-control" id="current_position" t-att-value="current_position" required="True"/>
                </div>
                <div class="form-group">
                    <label for="phone" class="col-form-label">Phone</label>
                    <input type="text" class="form-control" id="phone" t-att-value="phone" required="True"/>
                </div>
                <label for="street" class="col-form-label">Address</label>
                <div class="form-row">
                    <div class="form-group col-md-6">
                        <input type="text" class="form-control" id="street" t-att-value="street" placeholder="street"/>
                    </div>
                    <div class="form-group col-md-6">
                        <input type="text" class="form-control" id="street2" t-att-value="street2" placeholder="street 2..."/>
                    </div>
                </div>
                <div class="form-row">
                    <div class="form-group col-md-6">
                        <label for="country_id" class="col-form-label">Country</label>
                        <select id="country_id" class="form-control">
                            <option t-foreach="countryData" t-as="country" t-att-value="country.id" t-att-selected="country.id == country_id">
                                    <t t-esc="country.name"/>
                                </option>
                        </select>
                    </div>
                    <div class="form-group col-md-6">
                        <label for="state_id" class="col-form-label">State</label>
                        <select id="state_id" class="form-control">
                            <option t-foreach="stateData" t-as="state" t-att-value="state.id" t-att-selected="state.id == state_id" t-att-country_id="state.country_id[1]">
                             <!-- <option t-att-value="state" t-att-selected="state"> -->
                            <t t-esc="state.name"/>
                        </option>
                        </select>
                    </div>
                </div>
                <div class="form-row">
                    <div class="form-group col-md-6">
                        <label for="city" class="col-form-label">City</label>
                        <input type="text" class="form-control" t-att-value="city" id="city"/>
                    </div>
                    <div class="form-group col-md-6">
                        <label for="zip" class="col-form-label">Zip / Postal Code</label>
                        <input type="text" class="form-control" t-att-value="zip_code" id="zip"/>
                    </div>
                </div>
                <div class="form-group">
                    <label for="summary" class="col-form-label">Summary</label>
                    <input type="html" class="form-control" t-att-value="comment" id="summary" />
                </div>
            </form>
        </main>
    </div>


</template>
